"#","EventRecordID","TimeCreated","EventID","Level","Provider","Channel","ProcessID","ThreadID","Computer","#attributes/xmlns","EventData/AccountExpires","EventData/AllowedToDelegateTo","EventData/AuthenticationPackageName","EventData/DisplayName","EventData/ElevatedToken","EventData/FailureReason","EventData/HomeDirectory","EventData/HomePath","EventData/ImpersonationLevel","EventData/IpAddress","EventData/IpPort","EventData/KeyLength","EventData/LmPackageName","EventData/LogonGuid","EventData/LogonHours","EventData/LogonProcessName","EventData/LogonType","EventData/NewUacValue","EventData/OldUacValue","EventData/PasswordLastSet","EventData/PrimaryGroupId","EventData/PrivilegeList","EventData/ProcessId","EventData/ProcessName","EventData/ProfilePath","EventData/RestrictedAdminMode","EventData/SamAccountName","EventData/ScriptPath","EventData/SidHistory","EventData/Status","EventData/SubStatus","EventData/SubjectDomainName","EventData/SubjectLogonId","EventData/SubjectUserName","EventData/SubjectUserSid","EventData/TargetDomainName","EventData/TargetLinkedLogonId","EventData/TargetLogonId","EventData/TargetOutboundDomainName","EventData/TargetOutboundUserName","EventData/TargetSid","EventData/TargetUserName","EventData/TargetUserSid","EventData/TransmittedServices","EventData/UserAccountControl","EventData/UserParameters","EventData/UserPrincipalName","EventData/UserWorkstations","EventData/VirtualAccount","EventData/WorkstationName","System/Correlation/#attributes/ActivityID","System/Keywords","System/Opcode","System/Provider/#attributes/Guid","System/Task","System/Version"
"1","127264","2022-01-20 22:04:04","4624","0","Microsoft-Windows-Security-Auditing","Security","580","8132","DESKTOP-I3HCL7T","http://schemas.microsoft.com/win/2004/08/events/event","","","Negotiate","","%%1842","","","","%%1833","0.0.0.0","0","0","-","00000000-0000-0000-0000-000000000000","","Advapi  ","5","","","","0","","0x234","C:\Windows\System32\services.exe","","-","","","","","","WORKGROUP","0x3e7","DESKTOP-I3HCL7T$","S-1-5-18","NT AUTHORITY","0x0","0x3e7","-","-","","СИСТЕМА","S-1-5-18","-","","","","","%%1843","-","746444E3-0E1F-0004-0A45-64741F0ED801","0x8020000000000000","0","54849625-5478-4994-A5BA-3E3B0328C30D","12544","2"
"2","127268","2022-01-20 22:04:10","4624","0","Microsoft-Windows-Security-Auditing","Security","580","8132","DESKTOP-I3HCL7T","http://schemas.microsoft.com/win/2004/08/events/event","","","Negotiate","","%%1842","","","","%%1833","127.0.0.1","0","0","-","00000000-0000-0000-0000-000000000000","","User32 ","2","","","","0","","0xba0","C:\Windows\System32\svchost.exe","","-","","","","","","WORKGROUP","0x3e7","DESKTOP-I3HCL7T$","S-1-5-18","DESKTOP-I3HCL7T","0xc380a8","0xc38088","-","-","","Egor","S-1-5-21-511674132-1728660803-2328452917-1001","-","","","","","%%1843","DESKTOP-I3HCL7T","746444E3-0E1F-0004-0A45-64741F0ED801","0x8020000000000000","0","54849625-5478-4994-A5BA-3E3B0328C30D","12544","2"
"3","127269","2022-01-20 22:04:10","4624","0","Microsoft-Windows-Security-Auditing","Security","580","8132","DESKTOP-I3HCL7T","http://schemas.microsoft.com/win/2004/08/events/event","","","Negotiate","","%%1843","","","","%%1833","127.0.0.1","0","0","-","00000000-0000-0000-0000-000000000000","","User32 ","2","","","","0","","0xba0","C:\Windows\System32\svchost.exe","","-","","","","","","WORKGROUP","0x3e7","DESKTOP-I3HCL7T$","S-1-5-18","DESKTOP-I3HCL7T","0xc38088","0xc380a8","-","-","","Egor","S-1-5-21-511674132-1728660803-2328452917-1001","-","","","","","%%1843","DESKTOP-I3HCL7T","746444E3-0E1F-0004-0A45-64741F0ED801","0x8020000000000000","0","54849625-5478-4994-A5BA-3E3B0328C30D","12544","2"
"4","127271","2022-01-20 22:04:10","4634","0","Microsoft-Windows-Security-Auditing","Security","580","8132","DESKTOP-I3HCL7T","http://schemas.microsoft.com/win/2004/08/events/event","","","","","","","","","","0.0.0.0","0","0","","","","","2","","","","0","","","","","","","","","","","","","","","DESKTOP-I3HCL7T","","0xc380a8","","","","Egor","S-1-5-21-511674132-1728660803-2328452917-1001","","","","","","","","","0x8020000000000000","0","54849625-5478-4994-A5BA-3E3B0328C30D","12545","0"
"5","127272","2022-01-20 22:04:10","4634","0","Microsoft-Windows-Security-Auditing","Security","580","880","DESKTOP-I3HCL7T","http://schemas.microsoft.com/win/2004/08/events/event","","","","","","","","","","0.0.0.0","0","0","","","","","2","","","","0","","","","","","","","","","","","","","","DESKTOP-I3HCL7T","","0xc38088","","","","Egor","S-1-5-21-511674132-1728660803-2328452917-1001","","","","","","","","","0x8020000000000000","0","54849625-5478-4994-A5BA-3E3B0328C30D","12545","0"
"6","127274","2022-01-20 22:04:10","4624","0","Microsoft-Windows-Security-Auditing","Security","580","880","DESKTOP-I3HCL7T","http://schemas.microsoft.com/win/2004/08/events/event","","","Negotiate","","%%1842","","","","%%1833","0.0.0.0","0","0","-","00000000-0000-0000-0000-000000000000","","Advapi  ","5","","","","0","","0x234","C:\Windows\System32\services.exe","","-","","","","","","WORKGROUP","0x3e7","DESKTOP-I3HCL7T$","S-1-5-18","NT AUTHORITY","0x0","0x3e7","-","-","","СИСТЕМА","S-1-5-18","-","","","","","%%1843","-","746444E3-0E1F-0004-0A45-64741F0ED801","0x8020000000000000","0","54849625-5478-4994-A5BA-3E3B0328C30D","12544","2"
"7","127279","2022-01-20 22:09:12","4624","0","Microsoft-Windows-Security-Auditing","Security","580","4072","DESKTOP-I3HCL7T","http://schemas.microsoft.com/win/2004/08/events/event","","","Negotiate","","%%1842","","","","%%1833","0.0.0.0","0","0","-","00000000-0000-0000-0000-000000000000","","Advapi  ","5","","","","0","","0x234","C:\Windows\System32\services.exe","","-","","","","","","WORKGROUP","0x3e7","DESKTOP-I3HCL7T$","S-1-5-18","NT AUTHORITY","0x0","0x3e7","-","-","","СИСТЕМА","S-1-5-18","-","","","","","%%1843","-","746444E3-0E1F-0004-0A45-64741F0ED801","0x8020000000000000","0","54849625-5478-4994-A5BA-3E3B0328C30D","12544","2"
"8","127281","2022-01-20 22:09:13","4624","0","Microsoft-Windows-Security-Auditing","Security","580","880","DESKTOP-I3HCL7T","http://schemas.microsoft.com/win/2004/08/events/event","","","Negotiate","","%%1842","","","","%%1833","0.0.0.0","0","0","-","00000000-0000-0000-0000-000000000000","","Advapi  ","5","","","","0","","0x234","C:\Windows\System32\services.exe","","-","","","","","","WORKGROUP","0x3e7","DESKTOP-I3HCL7T$","S-1-5-18","NT AUTHORITY","0x0","0x3e7","-","-","","СИСТЕМА","S-1-5-18","-","","","","","%%1843","-","746444E3-0E1F-0004-0A45-64741F0ED801","0x8020000000000000","0","54849625-5478-4994-A5BA-3E3B0328C30D","12544","2"
"9","127283","2022-01-20 22:13:32","4624","0","Microsoft-Windows-Security-Auditing","Security","580","880","DESKTOP-I3HCL7T","http://schemas.microsoft.com/win/2004/08/events/event","","","Negotiate","","%%1842","","","","%%1833","0.0.0.0","0","0","-","00000000-0000-0000-0000-000000000000","","Advapi  ","5","","","","0","","0x234","C:\Windows\System32\services.exe","","-","","","","","","WORKGROUP","0x3e7","DESKTOP-I3HCL7T$","S-1-5-18","NT AUTHORITY","0x0","0x3e7","-","-","","СИСТЕМА","S-1-5-18","-","","","","","%%1843","-","746444E3-0E1F-0004-0A45-64741F0ED801","0x8020000000000000","0","54849625-5478-4994-A5BA-3E3B0328C30D","12544","2"
"10","127285","2022-01-20 22:14:12","4624","0","Microsoft-Windows-Security-Auditing","Security","580","880","DESKTOP-I3HCL7T","http://schemas.microsoft.com/win/2004/08/events/event","","","Negotiate","","%%1842","","","","%%1833","0.0.0.0","0","0","-","00000000-0000-0000-0000-000000000000","","Advapi  ","5","","","","0","","0x234","C:\Windows\System32\services.exe","","-","","","","","","WORKGROUP","0x3e7","DESKTOP-I3HCL7T$","S-1-5-18","NT AUTHORITY","0x0","0x3e7","-","-","","СИСТЕМА","S-1-5-18","-","","","","","%%1843","-","746444E3-0E1F-0004-0A45-64741F0ED801","0x8020000000000000","0","54849625-5478-4994-A5BA-3E3B0328C30D","12544","2"
"11","127287","2022-01-20 22:25:21","4624","0","Microsoft-Windows-Security-Auditing","Security","580","6948","DESKTOP-I3HCL7T","http://schemas.microsoft.com/win/2004/08/events/event","","","Negotiate","","%%1842","","","","%%1833","0.0.0.0","0","0","-","00000000-0000-0000-0000-000000000000","","Advapi  ","5","","","","0","","0x234","C:\Windows\System32\services.exe","","-","","","","","","WORKGROUP","0x3e7","DESKTOP-I3HCL7T$","S-1-5-18","NT AUTHORITY","0x0","0x3e7","-","-","","СИСТЕМА","S-1-5-18","-","","","","","%%1843","-","746444E3-0E1F-0004-0A45-64741F0ED801","0x8020000000000000","0","54849625-5478-4994-A5BA-3E3B0328C30D","12544","2"
"12","127301","2022-01-20 22:27:39","4624","0","Microsoft-Windows-Security-Auditing","Security","580","880","DESKTOP-I3HCL7T","http://schemas.microsoft.com/win/2004/08/events/event","","","Negotiate","","%%1842","","","","%%1833","0.0.0.0","0","0","-","00000000-0000-0000-0000-000000000000","","Advapi  ","5","","","","0","","0x234","C:\Windows\System32\services.exe","","-","","","","","","WORKGROUP","0x3e7","DESKTOP-I3HCL7T$","S-1-5-18","NT AUTHORITY","0x0","0x3e7","-","-","","СИСТЕМА","S-1-5-18","-","","","","","%%1843","-","746444E3-0E1F-0004-0A45-64741F0ED801","0x8020000000000000","0","54849625-5478-4994-A5BA-3E3B0328C30D","12544","2"
"13","127323","2022-01-20 22:28:34","4624","0","Microsoft-Windows-Security-Auditing","Security","580","880","DESKTOP-I3HCL7T","http://schemas.microsoft.com/win/2004/08/events/event","","","Negotiate","","%%1842","","","","%%1833","0.0.0.0","0","0","-","00000000-0000-0000-0000-000000000000","","Advapi  ","5","","","","0","","0x234","C:\Windows\System32\services.exe","","-","","","","","","WORKGROUP","0x3e7","DESKTOP-I3HCL7T$","S-1-5-18","NT AUTHORITY","0x0","0x3e7","-","-","","СИСТЕМА","S-1-5-18","-","","","","","%%1843","-","746444E3-0E1F-0004-0A45-64741F0ED801","0x8020000000000000","0","54849625-5478-4994-A5BA-3E3B0328C30D","12544","2"
"14","127325","2022-01-20 22:28:38","4624","0","Microsoft-Windows-Security-Auditing","Security","580","880","DESKTOP-I3HCL7T","http://schemas.microsoft.com/win/2004/08/events/event","","","Negotiate","","%%1842","","","","%%1833","0.0.0.0","0","0","-","00000000-0000-0000-0000-000000000000","","Advapi  ","5","","","","0","","0x234","C:\Windows\System32\services.exe","","-","","","","","","WORKGROUP","0x3e7","DESKTOP-I3HCL7T$","S-1-5-18","NT AUTHORITY","0x0","0x3e7","-","-","","СИСТЕМА","S-1-5-18","-","","","","","%%1843","-","746444E3-0E1F-0004-0A45-64741F0ED801","0x8020000000000000","0","54849625-5478-4994-A5BA-3E3B0328C30D","12544","2"
"15","127329","2022-01-20 22:29:10","4720","0","Microsoft-Windows-Security-Auditing","Security","580","6948","DESKTOP-I3HCL7T","http://schemas.microsoft.com/win/2004/08/events/event","%%1794","-","","%%1793","","","%%1793","%%1793","","0.0.0.0","0","0","","","%%1797","","0","0x15","0x0","%%1794","513","-","","","%%1793","","bk-252","%%1793","-","","","DESKTOP-I3HCL7T","0xc35a2","Egor","S-1-5-21-511674132-1728660803-2328452917-1001","DESKTOP-I3HCL7T","","","","","S-1-5-21-511674132-1728660803-2328452917-1005","bk-252","","","\r\n\t\t%%2080\r\n\t\t%%2082\r\n\t\t%%2084","%%1793","-","%%1793","","","746444E3-0E1F-0004-0A45-64741F0ED801","0x8020000000000000","0","54849625-5478-4994-A5BA-3E3B0328C30D","13824","0"
"16","127353","2022-01-20 22:33:35","4624","0","Microsoft-Windows-Security-Auditing","Security","580","880","DESKTOP-I3HCL7T","http://schemas.microsoft.com/win/2004/08/events/event","","","Negotiate","","%%1842","","","","%%1833","0.0.0.0","0","0","-","00000000-0000-0000-0000-000000000000","","Advapi  ","5","","","","0","","0x234","C:\Windows\System32\services.exe","","-","","","","","","WORKGROUP","0x3e7","DESKTOP-I3HCL7T$","S-1-5-18","NT AUTHORITY","0x0","0x3e7","-","-","","СИСТЕМА","S-1-5-18","-","","","","","%%1843","-","746444E3-0E1F-0004-0A45-64741F0ED801","0x8020000000000000","0","54849625-5478-4994-A5BA-3E3B0328C30D","12544","2"
"17","127356","2022-01-20 22:33:40","4625","0","Microsoft-Windows-Security-Auditing","Security","580","880","DESKTOP-I3HCL7T","http://schemas.microsoft.com/win/2004/08/events/event","","","Negotiate","","","%%2313","","","","127.0.0.1","0","0","-","","","User32 ","2","","","","0","","0xba0","C:\Windows\System32\svchost.exe","","","","","","0xc000006d","0xc000006a","WORKGROUP","0x3e7","DESKTOP-I3HCL7T$","S-1-5-18","DESKTOP-I3HCL7T","","","","","","bk-252","S-1-0-0","-","","","","","","DESKTOP-I3HCL7T","746444E3-0E1F-0004-0A45-64741F0ED801","0x8010000000000000","0","54849625-5478-4994-A5BA-3E3B0328C30D","12544","0"
"18","127358","2022-01-20 22:33:47","4624","0","Microsoft-Windows-Security-Auditing","Security","580","13616","DESKTOP-I3HCL7T","http://schemas.microsoft.com/win/2004/08/events/event","","","Negotiate","","%%1843","","","","%%1833","127.0.0.1","0","0","-","00000000-0000-0000-0000-000000000000","","User32 ","2","","","","0","","0xba0","C:\Windows\System32\svchost.exe","","-","","","","","","WORKGROUP","0x3e7","DESKTOP-I3HCL7T$","S-1-5-18","DESKTOP-I3HCL7T","0x0","0xd53feb","-","-","","bk-252","S-1-5-21-511674132-1728660803-2328452917-1005","-","","","","","%%1843","DESKTOP-I3HCL7T","746444E3-0E1F-0004-0A45-64741F0ED801","0x8020000000000000","0","54849625-5478-4994-A5BA-3E3B0328C30D","12544","2"
"19","127360","2022-01-20 22:33:47","4624","0","Microsoft-Windows-Security-Auditing","Security","580","13616","DESKTOP-I3HCL7T","http://schemas.microsoft.com/win/2004/08/events/event","","","Negotiate","","%%1843","","","","%%1833","0.0.0.0","0","0","-","00000000-0000-0000-0000-000000000000","","Advapi  ","2","","","","0","","0x3a30","C:\Windows\System32\winlogon.exe","","-","","","","","","WORKGROUP","0x3e7","DESKTOP-I3HCL7T$","S-1-5-18","Font Driver Host","0x0","0xd544fe","-","-","","UMFD-2","S-1-5-96-0-2","-","","","","","%%1842","-","746444E3-0E1F-0004-0A45-64741F0ED801","0x8020000000000000","0","54849625-5478-4994-A5BA-3E3B0328C30D","12544","2"
"20","127362","2022-01-20 22:33:47","4624","0","Microsoft-Windows-Security-Auditing","Security","580","13616","DESKTOP-I3HCL7T","http://schemas.microsoft.com/win/2004/08/events/event","","","Negotiate","","%%1842","","","","%%1833","0.0.0.0","0","0","-","00000000-0000-0000-0000-000000000000","","Advapi  ","2","","","","0","","0x3a30","C:\Windows\System32\winlogon.exe","","-","","","","","","WORKGROUP","0x3e7","DESKTOP-I3HCL7T$","S-1-5-18","Window Manager","0xd54f77","0xd54f57","-","-","","DWM-2","S-1-5-90-0-2","-","","","","","%%1842","-","746444E3-0E1F-0004-0A45-64741F0ED801","0x8020000000000000","0","54849625-5478-4994-A5BA-3E3B0328C30D","12544","2"
"21","127363","2022-01-20 22:33:47","4624","0","Microsoft-Windows-Security-Auditing","Security","580","13616","DESKTOP-I3HCL7T","http://schemas.microsoft.com/win/2004/08/events/event","","","Negotiate","","%%1843","","","","%%1833","0.0.0.0","0","0","-","00000000-0000-0000-0000-000000000000","","Advapi  ","2","","","","0","","0x3a30","C:\Windows\System32\winlogon.exe","","-","","","","","","WORKGROUP","0x3e7","DESKTOP-I3HCL7T$","S-1-5-18","Window Manager","0xd54f57","0xd54f77","-","-","","DWM-2","S-1-5-90-0-2","-","","","","","%%1842","-","746444E3-0E1F-0004-0A45-64741F0ED801","0x8020000000000000","0","54849625-5478-4994-A5BA-3E3B0328C30D","12544","2"
"22","127366","2022-01-20 22:33:48","4624","0","Microsoft-Windows-Security-Auditing","Security","580","880","DESKTOP-I3HCL7T","http://schemas.microsoft.com/win/2004/08/events/event","","","Negotiate","","%%1842","","","","%%1833","0.0.0.0","0","0","-","00000000-0000-0000-0000-000000000000","","Advapi  ","5","","","","0","","0x234","C:\Windows\System32\services.exe","","-","","","","","","WORKGROUP","0x3e7","DESKTOP-I3HCL7T$","S-1-5-18","NT AUTHORITY","0x0","0x3e7","-","-","","СИСТЕМА","S-1-5-18","-","","","","","%%1843","-","746444E3-0E1F-0004-0A45-64741F0ED801","0x8020000000000000","0","54849625-5478-4994-A5BA-3E3B0328C30D","12544","2"
"23","127368","2022-01-20 22:33:48","4624","0","Microsoft-Windows-Security-Auditing","Security","580","880","DESKTOP-I3HCL7T","http://schemas.microsoft.com/win/2004/08/events/event","","","Negotiate","","%%1842","","","","%%1833","0.0.0.0","0","0","-","00000000-0000-0000-0000-000000000000","","Advapi  ","5","","","","0","","0x234","C:\Windows\System32\services.exe","","-","","","","","","WORKGROUP","0x3e7","DESKTOP-I3HCL7T$","S-1-5-18","NT AUTHORITY","0x0","0x3e7","-","-","","СИСТЕМА","S-1-5-18","-","","","","","%%1843","-","746444E3-0E1F-0004-0A45-64741F0ED801","0x8020000000000000","0","54849625-5478-4994-A5BA-3E3B0328C30D","12544","2"
"24","127371","2022-01-20 22:33:49","4624","0","Microsoft-Windows-Security-Auditing","Security","580","13616","DESKTOP-I3HCL7T","http://schemas.microsoft.com/win/2004/08/events/event","","","Negotiate","","%%1842","","","","%%1833","0.0.0.0","0","0","-","00000000-0000-0000-0000-000000000000","","Advapi  ","5","","","","0","","0x234","C:\Windows\System32\services.exe","","-","","","","","","WORKGROUP","0x3e7","DESKTOP-I3HCL7T$","S-1-5-18","NT AUTHORITY","0x0","0x3e7","-","-","","СИСТЕМА","S-1-5-18","-","","","","","%%1843","-","746444E3-0E1F-0004-0A45-64741F0ED801","0x8020000000000000","0","54849625-5478-4994-A5BA-3E3B0328C30D","12544","2"
"25","127372","2022-01-20 22:33:49","4624","0","Microsoft-Windows-Security-Auditing","Security","580","11256","DESKTOP-I3HCL7T","http://schemas.microsoft.com/win/2004/08/events/event","","","Negotiate","","%%1842","","","","%%1833","0.0.0.0","0","0","-","00000000-0000-0000-0000-000000000000","","Advapi  ","5","","","","0","","0x234","C:\Windows\System32\services.exe","","-","","","","","","WORKGROUP","0x3e7","DESKTOP-I3HCL7T$","S-1-5-18","NT AUTHORITY","0x0","0x3e7","-","-","","СИСТЕМА","S-1-5-18","-","","","","","%%1843","-","746444E3-0E1F-0004-0A45-64741F0ED801","0x8020000000000000","0","54849625-5478-4994-A5BA-3E3B0328C30D","12544","2"
"26","127375","2022-01-20 22:33:49","4624","0","Microsoft-Windows-Security-Auditing","Security","580","11256","DESKTOP-I3HCL7T","http://schemas.microsoft.com/win/2004/08/events/event","","","Negotiate","","%%1842","","","","%%1833","0.0.0.0","0","0","-","00000000-0000-0000-0000-000000000000","","Advapi  ","5","","","","0","","0x234","C:\Windows\System32\services.exe","","-","","","","","","WORKGROUP","0x3e7","DESKTOP-I3HCL7T$","S-1-5-18","NT AUTHORITY","0x0","0x3e7","-","-","","СИСТЕМА","S-1-5-18","-","","","","","%%1843","-","746444E3-0E1F-0004-0A45-64741F0ED801","0x8020000000000000","0","54849625-5478-4994-A5BA-3E3B0328C30D","12544","2"
"27","127387","2022-01-20 22:33:49","4624","0","Microsoft-Windows-Security-Auditing","Security","580","11256","DESKTOP-I3HCL7T","http://schemas.microsoft.com/win/2004/08/events/event","","","Negotiate","","%%1842","","","","%%1833","0.0.0.0","0","0","-","00000000-0000-0000-0000-000000000000","","Advapi  ","5","","","","0","","0x234","C:\Windows\System32\services.exe","","-","","","","","","WORKGROUP","0x3e7","DESKTOP-I3HCL7T$","S-1-5-18","NT AUTHORITY","0x0","0x3e7","-","-","","СИСТЕМА","S-1-5-18","-","","","","","%%1843","-","746444E3-0E1F-0004-0A45-64741F0ED801","0x8020000000000000","0","54849625-5478-4994-A5BA-3E3B0328C30D","12544","2"
"28","127389","2022-01-20 22:33:50","4624","0","Microsoft-Windows-Security-Auditing","Security","580","11256","DESKTOP-I3HCL7T","http://schemas.microsoft.com/win/2004/08/events/event","","","Negotiate","","%%1842","","","","%%1833","0.0.0.0","0","0","-","00000000-0000-0000-0000-000000000000","","Advapi  ","5","","","","0","","0x234","C:\Windows\System32\services.exe","","-","","","","","","WORKGROUP","0x3e7","DESKTOP-I3HCL7T$","S-1-5-18","NT AUTHORITY","0x0","0x3e7","-","-","","СИСТЕМА","S-1-5-18","-","","","","","%%1843","-","746444E3-0E1F-0004-0A45-64741F0ED801","0x8020000000000000","0","54849625-5478-4994-A5BA-3E3B0328C30D","12544","2"
"29","127391","2022-01-20 22:33:50","4624","0","Microsoft-Windows-Security-Auditing","Security","580","880","DESKTOP-I3HCL7T","http://schemas.microsoft.com/win/2004/08/events/event","","","Negotiate","","%%1842","","","","%%1833","0.0.0.0","0","0","-","00000000-0000-0000-0000-000000000000","","Advapi  ","5","","","","0","","0x234","C:\Windows\System32\services.exe","","-","","","","","","WORKGROUP","0x3e7","DESKTOP-I3HCL7T$","S-1-5-18","NT AUTHORITY","0x0","0x3e7","-","-","","СИСТЕМА","S-1-5-18","-","","","","","%%1843","-","746444E3-0E1F-0004-0A45-64741F0ED801","0x8020000000000000","0","54849625-5478-4994-A5BA-3E3B0328C30D","12544","2"
"30","127404","2022-01-20 22:33:51","4624","0","Microsoft-Windows-Security-Auditing","Security","580","4908","DESKTOP-I3HCL7T","http://schemas.microsoft.com/win/2004/08/events/event","","","Negotiate","","%%1842","","","","%%1833","0.0.0.0","0","0","-","00000000-0000-0000-0000-000000000000","","Advapi  ","5","","","","0","","0x234","C:\Windows\System32\services.exe","","-","","","","","","WORKGROUP","0x3e7","DESKTOP-I3HCL7T$","S-1-5-18","NT AUTHORITY","0x0","0x3e7","-","-","","СИСТЕМА","S-1-5-18","-","","","","","%%1843","-","746444E3-0E1F-0004-0A45-64741F0ED801","0x8020000000000000","0","54849625-5478-4994-A5BA-3E3B0328C30D","12544","2"
"31","127428","2022-01-20 22:33:58","4624","0","Microsoft-Windows-Security-Auditing","Security","580","11256","DESKTOP-I3HCL7T","http://schemas.microsoft.com/win/2004/08/events/event","","","Negotiate","","%%1842","","","","%%1833","0.0.0.0","0","0","-","00000000-0000-0000-0000-000000000000","","Advapi  ","5","","","","0","","0x234","C:\Windows\System32\services.exe","","-","","","","","","WORKGROUP","0x3e7","DESKTOP-I3HCL7T$","S-1-5-18","NT AUTHORITY","0x0","0x3e7","-","-","","СИСТЕМА","S-1-5-18","-","","","","","%%1843","-","746444E3-0E1F-0004-0A45-64741F0ED801","0x8020000000000000","0","54849625-5478-4994-A5BA-3E3B0328C30D","12544","2"
"32","127468","2022-01-20 22:34:36","4625","0","Microsoft-Windows-Security-Auditing","Security","580","880","DESKTOP-I3HCL7T","http://schemas.microsoft.com/win/2004/08/events/event","","","Negotiate","","","%%2313","","","","127.0.0.1","0","0","-","","","User32 ","2","","","","0","","0xba0","C:\Windows\System32\svchost.exe","","","","","","0xc000006d","0xc000006a","WORKGROUP","0x3e7","DESKTOP-I3HCL7T$","S-1-5-18","DESKTOP-I3HCL7T","","","","","","bk-252","S-1-0-0","-","","","","","","DESKTOP-I3HCL7T","746444E3-0E1F-0004-0A45-64741F0ED801","0x8010000000000000","0","54849625-5478-4994-A5BA-3E3B0328C30D","12544","0"
"33","127470","2022-01-20 22:34:38","4624","0","Microsoft-Windows-Security-Auditing","Security","580","880","DESKTOP-I3HCL7T","http://schemas.microsoft.com/win/2004/08/events/event","","","Negotiate","","%%1842","","","","%%1833","0.0.0.0","0","0","-","00000000-0000-0000-0000-000000000000","","Advapi  ","5","","","","0","","0x234","C:\Windows\System32\services.exe","","-","","","","","","WORKGROUP","0x3e7","DESKTOP-I3HCL7T$","S-1-5-18","NT AUTHORITY","0x0","0x3e7","-","-","","СИСТЕМА","S-1-5-18","-","","","","","%%1843","-","746444E3-0E1F-0004-0A45-64741F0ED801","0x8020000000000000","0","54849625-5478-4994-A5BA-3E3B0328C30D","12544","2"
"34","127472","2022-01-20 22:34:42","4625","0","Microsoft-Windows-Security-Auditing","Security","580","880","DESKTOP-I3HCL7T","http://schemas.microsoft.com/win/2004/08/events/event","","","Negotiate","","","%%2313","","","","127.0.0.1","0","0","-","","","User32 ","2","","","","0","","0xba0","C:\Windows\System32\svchost.exe","","","","","","0xc000006d","0xc000006a","WORKGROUP","0x3e7","DESKTOP-I3HCL7T$","S-1-5-18","DESKTOP-I3HCL7T","","","","","","bk-252","S-1-0-0","-","","","","","","DESKTOP-I3HCL7T","746444E3-0E1F-0004-0A45-64741F0ED801","0x8010000000000000","0","54849625-5478-4994-A5BA-3E3B0328C30D","12544","0"
"35","127475","2022-01-20 22:34:44","4625","0","Microsoft-Windows-Security-Auditing","Security","580","13616","DESKTOP-I3HCL7T","http://schemas.microsoft.com/win/2004/08/events/event","","","Negotiate","","","%%2313","","","","127.0.0.1","0","0","-","","","User32 ","2","","","","0","","0xba0","C:\Windows\System32\svchost.exe","","","","","","0xc000006d","0xc000006a","WORKGROUP","0x3e7","DESKTOP-I3HCL7T$","S-1-5-18","DESKTOP-I3HCL7T","","","","","","bk-252","S-1-0-0","-","","","","","","DESKTOP-I3HCL7T","746444E3-0E1F-0004-0A45-64741F0ED801","0x8010000000000000","0","54849625-5478-4994-A5BA-3E3B0328C30D","12544","0"
"36","127481","2022-01-20 22:34:47","4625","0","Microsoft-Windows-Security-Auditing","Security","580","13616","DESKTOP-I3HCL7T","http://schemas.microsoft.com/win/2004/08/events/event","","","Negotiate","","","%%2313","","","","127.0.0.1","0","0","-","","","User32 ","2","","","","0","","0xba0","C:\Windows\System32\svchost.exe","","","","","","0xc000006d","0xc000006a","WORKGROUP","0x3e7","DESKTOP-I3HCL7T$","S-1-5-18","DESKTOP-I3HCL7T","","","","","","bk-252","S-1-0-0","-","","","","","","DESKTOP-I3HCL7T","746444E3-0E1F-0004-0A45-64741F0ED801","0x8010000000000000","0","54849625-5478-4994-A5BA-3E3B0328C30D","12544","0"
"37","127484","2022-01-20 22:34:49","4624","0","Microsoft-Windows-Security-Auditing","Security","580","880","DESKTOP-I3HCL7T","http://schemas.microsoft.com/win/2004/08/events/event","","","Negotiate","","%%1842","","","","%%1833","0.0.0.0","0","0","-","00000000-0000-0000-0000-000000000000","","Advapi  ","5","","","","0","","0x234","C:\Windows\System32\services.exe","","-","","","","","","WORKGROUP","0x3e7","DESKTOP-I3HCL7T$","S-1-5-18","NT AUTHORITY","0x0","0x3e7","-","-","","СИСТЕМА","S-1-5-18","-","","","","","%%1843","-","746444E3-0E1F-0004-0A45-64741F0ED801","0x8020000000000000","0","54849625-5478-4994-A5BA-3E3B0328C30D","12544","2"
"38","127486","2022-01-20 22:34:49","4625","0","Microsoft-Windows-Security-Auditing","Security","580","4908","DESKTOP-I3HCL7T","http://schemas.microsoft.com/win/2004/08/events/event","","","Negotiate","","","%%2313","","","","127.0.0.1","0","0","-","","","User32 ","2","","","","0","","0xba0","C:\Windows\System32\svchost.exe","","","","","","0xc000006d","0xc000006a","WORKGROUP","0x3e7","DESKTOP-I3HCL7T$","S-1-5-18","DESKTOP-I3HCL7T","","","","","","bk-252","S-1-0-0","-","","","","","","DESKTOP-I3HCL7T","746444E3-0E1F-0004-0A45-64741F0ED801","0x8010000000000000","0","54849625-5478-4994-A5BA-3E3B0328C30D","12544","0"
"39","127487","2022-01-20 22:34:52","4625","0","Microsoft-Windows-Security-Auditing","Security","580","880","DESKTOP-I3HCL7T","http://schemas.microsoft.com/win/2004/08/events/event","","","Negotiate","","","%%2313","","","","127.0.0.1","0","0","-","","","User32 ","2","","","","0","","0xba0","C:\Windows\System32\svchost.exe","","","","","","0xc000006d","0xc000006a","WORKGROUP","0x3e7","DESKTOP-I3HCL7T$","S-1-5-18","DESKTOP-I3HCL7T","","","","","","bk-252","S-1-0-0","-","","","","","","DESKTOP-I3HCL7T","746444E3-0E1F-0004-0A45-64741F0ED801","0x8010000000000000","0","54849625-5478-4994-A5BA-3E3B0328C30D","12544","0"
"40","127488","2022-01-20 22:34:54","4624","0","Microsoft-Windows-Security-Auditing","Security","580","4908","DESKTOP-I3HCL7T","http://schemas.microsoft.com/win/2004/08/events/event","","","Negotiate","","%%1842","","","","%%1833","0.0.0.0","0","0","-","00000000-0000-0000-0000-000000000000","","Advapi  ","5","","","","0","","0x234","C:\Windows\System32\services.exe","","-","","","","","","WORKGROUP","0x3e7","DESKTOP-I3HCL7T$","S-1-5-18","NT AUTHORITY","0x0","0x3e7","-","-","","СИСТЕМА","S-1-5-18","-","","","","","%%1843","-","746444E3-0E1F-0004-0A45-64741F0ED801","0x8020000000000000","0","54849625-5478-4994-A5BA-3E3B0328C30D","12544","2"
"41","127493","2022-01-20 22:35:26","4625","0","Microsoft-Windows-Security-Auditing","Security","580","13616","DESKTOP-I3HCL7T","http://schemas.microsoft.com/win/2004/08/events/event","","","Negotiate","","","%%2313","","","","127.0.0.1","0","0","-","","","User32 ","2","","","","0","","0xba0","C:\Windows\System32\svchost.exe","","","","","","0xc000006d","0xc000006a","WORKGROUP","0x3e7","DESKTOP-I3HCL7T$","S-1-5-18","DESKTOP-I3HCL7T","","","","","","bk-252","S-1-0-0","-","","","","","","DESKTOP-I3HCL7T","746444E3-0E1F-0004-0A45-64741F0ED801","0x8010000000000000","0","54849625-5478-4994-A5BA-3E3B0328C30D","12544","0"
"42","127507","2022-01-20 22:36:03","4625","0","Microsoft-Windows-Security-Auditing","Security","580","6420","DESKTOP-I3HCL7T","http://schemas.microsoft.com/win/2004/08/events/event","","","Negotiate","","","%%2313","","","","127.0.0.1","0","0","-","","","User32 ","2","","","","0","","0xba0","C:\Windows\System32\svchost.exe","","","","","","0xc000006d","0xc000006a","WORKGROUP","0x3e7","DESKTOP-I3HCL7T$","S-1-5-18","DESKTOP-I3HCL7T","","","","","","bk-252","S-1-0-0","-","","","","","","DESKTOP-I3HCL7T","746444E3-0E1F-0004-0A45-64741F0ED801","0x8010000000000000","0","54849625-5478-4994-A5BA-3E3B0328C30D","12544","0"
"43","127508","2022-01-20 22:36:04","4624","0","Microsoft-Windows-Security-Auditing","Security","580","3428","DESKTOP-I3HCL7T","http://schemas.microsoft.com/win/2004/08/events/event","","","Negotiate","","%%1842","","","","%%1833","0.0.0.0","0","0","-","00000000-0000-0000-0000-000000000000","","Advapi  ","5","","","","0","","0x234","C:\Windows\System32\services.exe","","-","","","","","","WORKGROUP","0x3e7","DESKTOP-I3HCL7T$","S-1-5-18","NT AUTHORITY","0x0","0x3e7","-","-","","СИСТЕМА","S-1-5-18","-","","","","","%%1843","-","746444E3-0E1F-0004-0A45-64741F0ED801","0x8020000000000000","0","54849625-5478-4994-A5BA-3E3B0328C30D","12544","2"
"44","127513","2022-01-20 22:37:04","4625","0","Microsoft-Windows-Security-Auditing","Security","580","6420","DESKTOP-I3HCL7T","http://schemas.microsoft.com/win/2004/08/events/event","","","Negotiate","","","%%2313","","","","127.0.0.1","0","0","-","","","User32 ","2","","","","0","","0xba0","C:\Windows\System32\svchost.exe","","","","","","0xc000006d","0xc000006a","WORKGROUP","0x3e7","DESKTOP-I3HCL7T$","S-1-5-18","DESKTOP-I3HCL7T","","","","","","bk-252","S-1-0-0","-","","","","","","DESKTOP-I3HCL7T","746444E3-0E1F-0004-0A45-64741F0ED801","0x8010000000000000","0","54849625-5478-4994-A5BA-3E3B0328C30D","12544","0"
"45","127517","2022-01-20 22:37:42","4625","0","Microsoft-Windows-Security-Auditing","Security","580","6420","DESKTOP-I3HCL7T","http://schemas.microsoft.com/win/2004/08/events/event","","","Negotiate","","","%%2313","","","","127.0.0.1","0","0","-","","","User32 ","2","","","","0","","0xba0","C:\Windows\System32\svchost.exe","","","","","","0xc000006d","0xc000006a","WORKGROUP","0x3e7","DESKTOP-I3HCL7T$","S-1-5-18","DESKTOP-I3HCL7T","","","","","","bk-252","S-1-0-0","-","","","","","","DESKTOP-I3HCL7T","746444E3-0E1F-0004-0A45-64741F0ED801","0x8010000000000000","0","54849625-5478-4994-A5BA-3E3B0328C30D","12544","0"
"46","127518","2022-01-20 22:38:38","4624","0","Microsoft-Windows-Security-Auditing","Security","580","880","DESKTOP-I3HCL7T","http://schemas.microsoft.com/win/2004/08/events/event","","","Negotiate","","%%1842","","","","%%1833","0.0.0.0","0","0","-","00000000-0000-0000-0000-000000000000","","Advapi  ","5","","","","0","","0x234","C:\Windows\System32\services.exe","","-","","","","","","WORKGROUP","0x3e7","DESKTOP-I3HCL7T$","S-1-5-18","NT AUTHORITY","0x0","0x3e7","-","-","","СИСТЕМА","S-1-5-18","-","","","","","%%1843","-","746444E3-0E1F-0004-0A45-64741F0ED801","0x8020000000000000","0","54849625-5478-4994-A5BA-3E3B0328C30D","12544","2"
"47","127520","2022-01-20 22:38:38","4624","0","Microsoft-Windows-Security-Auditing","Security","580","11256","DESKTOP-I3HCL7T","http://schemas.microsoft.com/win/2004/08/events/event","","","Negotiate","","%%1842","","","","%%1833","0.0.0.0","0","0","-","00000000-0000-0000-0000-000000000000","","Advapi  ","5","","","","0","","0x234","C:\Windows\System32\services.exe","","-","","","","","","WORKGROUP","0x3e7","DESKTOP-I3HCL7T$","S-1-5-18","NT AUTHORITY","0x0","0x3e7","-","-","","СИСТЕМА","S-1-5-18","-","","","","","%%1843","-","746444E3-0E1F-0004-0A45-64741F0ED801","0x8020000000000000","0","54849625-5478-4994-A5BA-3E3B0328C30D","12544","2"
"48","127525","2022-01-20 22:39:40","4624","0","Microsoft-Windows-Security-Auditing","Security","580","14904","DESKTOP-I3HCL7T","http://schemas.microsoft.com/win/2004/08/events/event","","","Negotiate","","%%1842","","","","%%1833","0.0.0.0","0","0","-","00000000-0000-0000-0000-000000000000","","Advapi  ","5","","","","0","","0x234","C:\Windows\System32\services.exe","","-","","","","","","WORKGROUP","0x3e7","DESKTOP-I3HCL7T$","S-1-5-18","NT AUTHORITY","0x0","0x3e7","-","-","","СИСТЕМА","S-1-5-18","-","","","","","%%1843","-","746444E3-0E1F-0004-0A45-64741F0ED801","0x8020000000000000","0","54849625-5478-4994-A5BA-3E3B0328C30D","12544","2"
"49","127528","2022-01-20 22:39:50","4624","0","Microsoft-Windows-Security-Auditing","Security","580","14904","DESKTOP-I3HCL7T","http://schemas.microsoft.com/win/2004/08/events/event","","","Negotiate","","%%1842","","","","%%1833","127.0.0.1","0","0","-","00000000-0000-0000-0000-000000000000","","User32 ","2","","","","0","","0xba0","C:\Windows\System32\svchost.exe","","-","","","","","","WORKGROUP","0x3e7","DESKTOP-I3HCL7T$","S-1-5-18","DESKTOP-I3HCL7T","0x111a14b","0x111a12b","-","-","","Egor","S-1-5-21-511674132-1728660803-2328452917-1001","-","","","","","%%1843","DESKTOP-I3HCL7T","746444E3-0E1F-0004-0A45-64741F0ED801","0x8020000000000000","0","54849625-5478-4994-A5BA-3E3B0328C30D","12544","2"
"50","127529","2022-01-20 22:39:50","4624","0","Microsoft-Windows-Security-Auditing","Security","580","14904","DESKTOP-I3HCL7T","http://schemas.microsoft.com/win/2004/08/events/event","","","Negotiate","","%%1843","","","","%%1833","127.0.0.1","0","0","-","00000000-0000-0000-0000-000000000000","","User32 ","2","","","","0","","0xba0","C:\Windows\System32\svchost.exe","","-","","","","","","WORKGROUP","0x3e7","DESKTOP-I3HCL7T$","S-1-5-18","DESKTOP-I3HCL7T","0x111a12b","0x111a14b","-","-","","Egor","S-1-5-21-511674132-1728660803-2328452917-1001","-","","","","","%%1843","DESKTOP-I3HCL7T","746444E3-0E1F-0004-0A45-64741F0ED801","0x8020000000000000","0","54849625-5478-4994-A5BA-3E3B0328C30D","12544","2"
"51","127531","2022-01-20 22:39:50","4634","0","Microsoft-Windows-Security-Auditing","Security","580","880","DESKTOP-I3HCL7T","http://schemas.microsoft.com/win/2004/08/events/event","","","","","","","","","","0.0.0.0","0","0","","","","","2","","","","0","","","","","","","","","","","","","","","DESKTOP-I3HCL7T","","0x111a14b","","","","Egor","S-1-5-21-511674132-1728660803-2328452917-1001","","","","","","","","","0x8020000000000000","0","54849625-5478-4994-A5BA-3E3B0328C30D","12545","0"
"52","127532","2022-01-20 22:39:50","4634","0","Microsoft-Windows-Security-Auditing","Security","580","880","DESKTOP-I3HCL7T","http://schemas.microsoft.com/win/2004/08/events/event","","","","","","","","","","0.0.0.0","0","0","","","","","2","","","","0","","","","","","","","","","","","","","","DESKTOP-I3HCL7T","","0x111a12b","","","","Egor","S-1-5-21-511674132-1728660803-2328452917-1001","","","","","","","","","0x8020000000000000","0","54849625-5478-4994-A5BA-3E3B0328C30D","12545","0"
"53","127544","2022-01-20 22:41:35","4624","0","Microsoft-Windows-Security-Auditing","Security","580","880","DESKTOP-I3HCL7T","http://schemas.microsoft.com/win/2004/08/events/event","","","Negotiate","","%%1842","","","","%%1833","0.0.0.0","0","0","-","00000000-0000-0000-0000-000000000000","","Advapi  ","5","","","","0","","0x234","C:\Windows\System32\services.exe","","-","","","","","","WORKGROUP","0x3e7","DESKTOP-I3HCL7T$","S-1-5-18","NT AUTHORITY","0x0","0x3e7","-","-","","СИСТЕМА","S-1-5-18","-","","","","","%%1843","-","746444E3-0E1F-0004-0A45-64741F0ED801","0x8020000000000000","0","54849625-5478-4994-A5BA-3E3B0328C30D","12544","2"
"54","127547","2022-01-20 22:41:45","4624","0","Microsoft-Windows-Security-Auditing","Security","580","11256","DESKTOP-I3HCL7T","http://schemas.microsoft.com/win/2004/08/events/event","","","Negotiate","","%%1842","","","","%%1833","127.0.0.1","0","0","-","00000000-0000-0000-0000-000000000000","","User32 ","2","","","","0","","0xba0","C:\Windows\System32\svchost.exe","","-","","","","","","WORKGROUP","0x3e7","DESKTOP-I3HCL7T$","S-1-5-18","DESKTOP-I3HCL7T","0x11a434a","0x11a432d","-","-","","Egor","S-1-5-21-511674132-1728660803-2328452917-1001","-","","","","","%%1843","DESKTOP-I3HCL7T","746444E3-0E1F-0004-0A45-64741F0ED801","0x8020000000000000","0","54849625-5478-4994-A5BA-3E3B0328C30D","12544","2"
"55","127548","2022-01-20 22:41:45","4624","0","Microsoft-Windows-Security-Auditing","Security","580","11256","DESKTOP-I3HCL7T","http://schemas.microsoft.com/win/2004/08/events/event","","","Negotiate","","%%1843","","","","%%1833","127.0.0.1","0","0","-","00000000-0000-0000-0000-000000000000","","User32 ","2","","","","0","","0xba0","C:\Windows\System32\svchost.exe","","-","","","","","","WORKGROUP","0x3e7","DESKTOP-I3HCL7T$","S-1-5-18","DESKTOP-I3HCL7T","0x11a432d","0x11a434a","-","-","","Egor","S-1-5-21-511674132-1728660803-2328452917-1001","-","","","","","%%1843","DESKTOP-I3HCL7T","746444E3-0E1F-0004-0A45-64741F0ED801","0x8020000000000000","0","54849625-5478-4994-A5BA-3E3B0328C30D","12544","2"
"56","127550","2022-01-20 22:41:45","4634","0","Microsoft-Windows-Security-Auditing","Security","580","11256","DESKTOP-I3HCL7T","http://schemas.microsoft.com/win/2004/08/events/event","","","","","","","","","","0.0.0.0","0","0","","","","","2","","","","0","","","","","","","","","","","","","","","DESKTOP-I3HCL7T","","0x11a434a","","","","Egor","S-1-5-21-511674132-1728660803-2328452917-1001","","","","","","","","","0x8020000000000000","0","54849625-5478-4994-A5BA-3E3B0328C30D","12545","0"
"57","127551","2022-01-20 22:41:45","4634","0","Microsoft-Windows-Security-Auditing","Security","580","6420","DESKTOP-I3HCL7T","http://schemas.microsoft.com/win/2004/08/events/event","","","","","","","","","","0.0.0.0","0","0","","","","","2","","","","0","","","","","","","","","","","","","","","DESKTOP-I3HCL7T","","0x11a432d","","","","Egor","S-1-5-21-511674132-1728660803-2328452917-1001","","","","","","","","","0x8020000000000000","0","54849625-5478-4994-A5BA-3E3B0328C30D","12545","0"
"58","127552","2022-01-20 22:44:26","4624","0","Microsoft-Windows-Security-Auditing","Security","580","880","DESKTOP-I3HCL7T","http://schemas.microsoft.com/win/2004/08/events/event","","","Negotiate","","%%1842","","","","%%1833","0.0.0.0","0","0","-","00000000-0000-0000-0000-000000000000","","Advapi  ","5","","","","0","","0x234","C:\Windows\System32\services.exe","","-","","","","","","WORKGROUP","0x3e7","DESKTOP-I3HCL7T$","S-1-5-18","NT AUTHORITY","0x0","0x3e7","-","-","","СИСТЕМА","S-1-5-18","-","","","","","%%1843","-","746444E3-0E1F-0004-0A45-64741F0ED801","0x8020000000000000","0","54849625-5478-4994-A5BA-3E3B0328C30D","12544","2"
"59","127556","2022-01-20 22:44:26","4624","0","Microsoft-Windows-Security-Auditing","Security","580","18368","DESKTOP-I3HCL7T","http://schemas.microsoft.com/win/2004/08/events/event","","","Negotiate","","%%1842","","","","%%1833","0.0.0.0","0","0","-","00000000-0000-0000-0000-000000000000","","Advapi  ","5","","","","0","","0x234","C:\Windows\System32\services.exe","","-","","","","","","WORKGROUP","0x3e7","DESKTOP-I3HCL7T$","S-1-5-18","NT AUTHORITY","0x0","0x3e7","-","-","","СИСТЕМА","S-1-5-18","-","","","","","%%1843","-","746444E3-0E1F-0004-0A45-64741F0ED801","0x8020000000000000","0","54849625-5478-4994-A5BA-3E3B0328C30D","12544","2"
"60","127564","2022-01-20 22:48:50","4624","0","Microsoft-Windows-Security-Auditing","Security","580","11256","DESKTOP-I3HCL7T","http://schemas.microsoft.com/win/2004/08/events/event","","","Negotiate","","%%1842","","","","%%1833","0.0.0.0","0","0","-","00000000-0000-0000-0000-000000000000","","Advapi  ","5","","","","0","","0x234","C:\Windows\System32\services.exe","","-","","","","","","WORKGROUP","0x3e7","DESKTOP-I3HCL7T$","S-1-5-18","NT AUTHORITY","0x0","0x3e7","-","-","","СИСТЕМА","S-1-5-18","-","","","","","%%1843","-","746444E3-0E1F-0004-0A45-64741F0ED801","0x8020000000000000","0","54849625-5478-4994-A5BA-3E3B0328C30D","12544","2"
"61","127566","2022-01-20 22:48:50","4624","0","Microsoft-Windows-Security-Auditing","Security","580","14956","DESKTOP-I3HCL7T","http://schemas.microsoft.com/win/2004/08/events/event","","","Negotiate","","%%1842","","","","%%1833","0.0.0.0","0","0","-","00000000-0000-0000-0000-000000000000","","Advapi  ","5","","","","0","","0x234","C:\Windows\System32\services.exe","","-","","","","","","WORKGROUP","0x3e7","DESKTOP-I3HCL7T$","S-1-5-18","NT AUTHORITY","0x0","0x3e7","-","-","","СИСТЕМА","S-1-5-18","-","","","","","%%1843","-","746444E3-0E1F-0004-0A45-64741F0ED801","0x8020000000000000","0","54849625-5478-4994-A5BA-3E3B0328C30D","12544","2"
"62","127568","2022-01-20 22:48:51","4624","0","Microsoft-Windows-Security-Auditing","Security","580","11256","DESKTOP-I3HCL7T","http://schemas.microsoft.com/win/2004/08/events/event","","","Negotiate","","%%1842","","","","%%1833","0.0.0.0","0","0","-","00000000-0000-0000-0000-000000000000","","Advapi  ","5","","","","0","","0x234","C:\Windows\System32\services.exe","","-","","","","","","WORKGROUP","0x3e7","DESKTOP-I3HCL7T$","S-1-5-18","NT AUTHORITY","0x0","0x3e7","-","-","","СИСТЕМА","S-1-5-18","-","","","","","%%1843","-","746444E3-0E1F-0004-0A45-64741F0ED801","0x8020000000000000","0","54849625-5478-4994-A5BA-3E3B0328C30D","12544","2"
"63","127570","2022-01-20 22:50:06","4624","0","Microsoft-Windows-Security-Auditing","Security","580","16940","DESKTOP-I3HCL7T","http://schemas.microsoft.com/win/2004/08/events/event","","","Negotiate","","%%1842","","","","%%1833","0.0.0.0","0","0","-","00000000-0000-0000-0000-000000000000","","Advapi  ","5","","","","0","","0x234","C:\Windows\System32\services.exe","","-","","","","","","WORKGROUP","0x3e7","DESKTOP-I3HCL7T$","S-1-5-18","NT AUTHORITY","0x0","0x3e7","-","-","","СИСТЕМА","S-1-5-18","-","","","","","%%1843","-","746444E3-0E1F-0004-0A45-64741F0ED801","0x8020000000000000","0","54849625-5478-4994-A5BA-3E3B0328C30D","12544","2"
"64","127572","2022-01-20 22:50:46","4624","0","Microsoft-Windows-Security-Auditing","Security","580","16940","DESKTOP-I3HCL7T","http://schemas.microsoft.com/win/2004/08/events/event","","","Negotiate","","%%1842","","","","%%1833","0.0.0.0","0","0","-","00000000-0000-0000-0000-000000000000","","Advapi  ","5","","","","0","","0x234","C:\Windows\System32\services.exe","","-","","","","","","WORKGROUP","0x3e7","DESKTOP-I3HCL7T$","S-1-5-18","NT AUTHORITY","0x0","0x3e7","-","-","","СИСТЕМА","S-1-5-18","-","","","","","%%1843","-","746444E3-0E1F-0004-0A45-64741F0ED801","0x8020000000000000","0","54849625-5478-4994-A5BA-3E3B0328C30D","12544","2"
"65","127575","2022-01-20 22:50:56","4624","0","Microsoft-Windows-Security-Auditing","Security","580","17880","DESKTOP-I3HCL7T","http://schemas.microsoft.com/win/2004/08/events/event","","","Negotiate","","%%1842","","","","%%1833","0.0.0.0","0","0","-","00000000-0000-0000-0000-000000000000","","Advapi  ","5","","","","0","","0x234","C:\Windows\System32\services.exe","","-","","","","","","WORKGROUP","0x3e7","DESKTOP-I3HCL7T$","S-1-5-18","NT AUTHORITY","0x0","0x3e7","-","-","","СИСТЕМА","S-1-5-18","-","","","","","%%1843","-","746444E3-0E1F-0004-0A45-64741F0ED801","0x8020000000000000","0","54849625-5478-4994-A5BA-3E3B0328C30D","12544","2"
"66","127580","2022-01-20 22:52:46","4625","0","Microsoft-Windows-Security-Auditing","Security","580","14956","DESKTOP-I3HCL7T","http://schemas.microsoft.com/win/2004/08/events/event","","","Negotiate","","","%%2313","","","","127.0.0.1","0","0","-","","","User32 ","2","","","","0","","0xba0","C:\Windows\System32\svchost.exe","","","","","","0xc000006d","0xc000006a","WORKGROUP","0x3e7","DESKTOP-I3HCL7T$","S-1-5-18","DESKTOP-I3HCL7T","","","","","","Egor","S-1-0-0","-","","","","","","DESKTOP-I3HCL7T","746444E3-0E1F-0004-0A45-64741F0ED801","0x8010000000000000","0","54849625-5478-4994-A5BA-3E3B0328C30D","12544","0"
"67","127581","2022-01-20 22:52:48","4625","0","Microsoft-Windows-Security-Auditing","Security","580","11256","DESKTOP-I3HCL7T","http://schemas.microsoft.com/win/2004/08/events/event","","","Negotiate","","","%%2313","","","","127.0.0.1","0","0","-","","","User32 ","2","","","","0","","0xba0","C:\Windows\System32\svchost.exe","","","","","","0xc000006d","0xc000006a","WORKGROUP","0x3e7","DESKTOP-I3HCL7T$","S-1-5-18","DESKTOP-I3HCL7T","","","","","","Egor","S-1-0-0","-","","","","","","DESKTOP-I3HCL7T","746444E3-0E1F-0004-0A45-64741F0ED801","0x8010000000000000","0","54849625-5478-4994-A5BA-3E3B0328C30D","12544","0"
"68","127583","2022-01-20 22:52:53","4624","0","Microsoft-Windows-Security-Auditing","Security","580","14956","DESKTOP-I3HCL7T","http://schemas.microsoft.com/win/2004/08/events/event","","","Negotiate","","%%1842","","","","%%1833","127.0.0.1","0","0","-","00000000-0000-0000-0000-000000000000","","User32 ","2","","","","0","","0xba0","C:\Windows\System32\svchost.exe","","-","","","","","","WORKGROUP","0x3e7","DESKTOP-I3HCL7T$","S-1-5-18","DESKTOP-I3HCL7T","0x142a02b","0x142a00e","-","-","","Egor","S-1-5-21-511674132-1728660803-2328452917-1001","-","","","","","%%1843","DESKTOP-I3HCL7T","746444E3-0E1F-0004-0A45-64741F0ED801","0x8020000000000000","0","54849625-5478-4994-A5BA-3E3B0328C30D","12544","2"
"69","127584","2022-01-20 22:52:53","4624","0","Microsoft-Windows-Security-Auditing","Security","580","14956","DESKTOP-I3HCL7T","http://schemas.microsoft.com/win/2004/08/events/event","","","Negotiate","","%%1843","","","","%%1833","127.0.0.1","0","0","-","00000000-0000-0000-0000-000000000000","","User32 ","2","","","","0","","0xba0","C:\Windows\System32\svchost.exe","","-","","","","","","WORKGROUP","0x3e7","DESKTOP-I3HCL7T$","S-1-5-18","DESKTOP-I3HCL7T","0x142a00e","0x142a02b","-","-","","Egor","S-1-5-21-511674132-1728660803-2328452917-1001","-","","","","","%%1843","DESKTOP-I3HCL7T","746444E3-0E1F-0004-0A45-64741F0ED801","0x8020000000000000","0","54849625-5478-4994-A5BA-3E3B0328C30D","12544","2"
"70","127586","2022-01-20 22:52:53","4634","0","Microsoft-Windows-Security-Auditing","Security","580","14956","DESKTOP-I3HCL7T","http://schemas.microsoft.com/win/2004/08/events/event","","","","","","","","","","0.0.0.0","0","0","","","","","2","","","","0","","","","","","","","","","","","","","","DESKTOP-I3HCL7T","","0x142a02b","","","","Egor","S-1-5-21-511674132-1728660803-2328452917-1001","","","","","","","","","0x8020000000000000","0","54849625-5478-4994-A5BA-3E3B0328C30D","12545","0"
"71","127587","2022-01-20 22:52:53","4634","0","Microsoft-Windows-Security-Auditing","Security","580","14956","DESKTOP-I3HCL7T","http://schemas.microsoft.com/win/2004/08/events/event","","","","","","","","","","0.0.0.0","0","0","","","","","2","","","","0","","","","","","","","","","","","","","","DESKTOP-I3HCL7T","","0x142a00e","","","","Egor","S-1-5-21-511674132-1728660803-2328452917-1001","","","","","","","","","0x8020000000000000","0","54849625-5478-4994-A5BA-3E3B0328C30D","12545","0"
"72","127588","2022-01-20 22:56:27","4624","0","Microsoft-Windows-Security-Auditing","Security","580","16880","DESKTOP-I3HCL7T","http://schemas.microsoft.com/win/2004/08/events/event","","","Negotiate","","%%1842","","","","%%1833","0.0.0.0","0","0","-","00000000-0000-0000-0000-000000000000","","Advapi  ","5","","","","0","","0x234","C:\Windows\System32\services.exe","","-","","","","","","WORKGROUP","0x3e7","DESKTOP-I3HCL7T$","S-1-5-18","NT AUTHORITY","0x0","0x3e7","-","-","","СИСТЕМА","S-1-5-18","-","","","","","%%1843","-","746444E3-0E1F-0004-0A45-64741F0ED801","0x8020000000000000","0","54849625-5478-4994-A5BA-3E3B0328C30D","12544","2"
"","","","","","","","","","","","","","","","","","","","","","","","","","","","","","","","","","","","","","","","","","","","","","","","","","","","","","","","","","","","","","","","","","",""